position,am_pathogenicity,aa1
1,0.6417526315789474,M
2,0.5889526315789473,A
3,0.3502157894736842,T
4,0.3979894736842105,Q
5,0.3732,A
6,0.8240000000000001,D
7,0.4814,L
8,0.5548052631578947,M
9,0.7311736842105263,E
10,0.5410263157894737,L
11,0.8045210526315789,D
12,0.4156578947368421,M
13,0.3881842105263158,A
14,0.4616578947368421,M
15,0.5976947368421053,E
16,0.29520526315789475,P
17,0.7216736842105264,D
18,0.6143526315789474,R
19,0.6792947368421052,K
20,0.3317052631578947,A
21,0.5384789473684211,A
22,0.8941526315789474,V
23,0.4341947368421053,S
24,0.27050526315789475,H
25,0.9773052631578947,W
26,0.7352052631578947,Q
27,0.5136894736842105,Q
28,0.4933631578947368,Q
29,0.6283894736842105,S
30,0.7803578947368421,Y
31,0.6575736842105263,L
32,0.9954526315789473,D
33,0.9787526315789473,S
34,0.9982105263157895,G
35,0.9019421052631579,I
36,0.5641736842105264,H
37,0.9546894736842105,S
38,0.8688842105263158,G
39,0.5485368421052632,A
40,0.4884263157894737,T
41,0.9031052631578946,T
42,0.3406,T
43,0.6448157894736842,A
44,0.8595157894736842,P
45,0.9156736842105263,S
46,0.7811736842105264,L
47,0.5569631578947368,S
48,0.7130473684210527,G
49,0.7307421052631579,K
50,0.3474842105263158,G
51,0.21944736842105264,N
52,0.19298421052631579,P
53,0.4462842105263158,E
54,0.3278842105263158,E
55,0.3315736842105263,E
56,0.2905157894736842,D
57,0.14514736842105264,V
58,0.3990157894736842,D
59,0.13544736842105265,T
60,0.2089315789473684,S
61,0.21035263157894737,Q
62,0.26575789473684214,V
63,0.27485263157894735,L
64,0.2949421052631579,Y
65,0.6762947368421053,E
66,0.7628421052631579,W
67,0.6985842105263158,E
68,0.30903684210526317,Q
69,0.4814684210526316,G
70,0.6803210526315789,F
71,0.34039473684210525,S
72,0.32921578947368424,Q
73,0.34710526315789475,S
74,0.7772052631578947,F
75,0.37577894736842105,T
76,0.32138421052631577,Q
77,0.6177263157894737,E
78,0.48401578947368423,Q
79,0.539878947368421,V
80,0.2808578947368421,A
81,0.6619789473684211,D
82,0.5533105263157895,I
83,0.7564578947368421,D
84,0.4398684210526316,G
85,0.45358947368421054,Q
86,0.6885263157894738,Y
87,0.5142315789473685,A
88,0.5868631578947369,M
89,0.8958263157894738,T
90,0.9928894736842104,R
91,0.8411,A
92,0.7480421052631578,Q
93,0.996363157894737,R
94,0.9572157894736842,V
95,0.9871421052631579,R
96,0.7109894736842106,A
97,0.938121052631579,A
98,0.9620684210526316,M
99,0.9661631578947368,F
100,0.9946315789473684,P
101,0.9803947368421051,E
102,0.8947105263157895,T
103,0.7027947368421052,L
104,0.5976526315789473,D
105,0.6855736842105263,E
106,0.7133473684210526,G
107,0.3919157894736842,M
108,0.2982578947368421,Q
109,0.7750315789473684,I
110,0.5837842105263158,P
111,0.5511368421052631,S
112,0.6632315789473684,T
113,0.6036894736842106,Q
114,0.6020421052631579,F
115,0.7180578947368421,D
116,0.25655263157894737,A
117,0.2682842105263158,A
118,0.21249473684210526,H
119,0.46670526315789473,P
120,0.8785263157894737,T
121,0.6642947368421053,N
122,0.9617736842105264,V
123,0.8622578947368421,Q
124,0.8436526315789473,R
125,0.9877842105263158,L
126,0.8794157894736842,A
127,0.9536526315789473,E
128,0.9952421052631579,P
129,0.9388052631578947,S
130,0.7471473684210527,Q
131,0.8994105263157894,M
132,0.9913578947368421,L
133,0.9480631578947369,K
134,0.6572263157894737,H
135,0.9898736842105264,A
136,0.9613105263157895,V
137,0.869736842105263,V
138,0.8658736842105262,N
139,0.9720947368421052,L
140,0.987121052631579,I
141,0.9357894736842106,N
142,0.9802684210526316,Y
143,0.9309842105263159,Q
144,0.9964947368421052,D
145,0.9987947368421053,D
146,0.9487631578947368,A
147,0.9471947368421053,E
148,0.9490842105263158,L
149,0.9844421052631579,A
150,0.7630526315789473,T
151,0.9227631578947367,R
152,0.9871736842105263,A
153,0.9094894736842105,I
154,0.9916368421052631,P
155,0.9927052631578948,E
156,0.9880263157894738,L
157,0.7628631578947369,T
158,0.9187684210526317,K
159,0.9942157894736843,L
160,0.9681368421052632,L
161,0.5743842105263157,N
162,0.9973736842105263,D
163,0.9125894736842104,E
164,0.9986842105263158,D
165,0.4480421052631579,Q
166,0.8156736842105263,V
167,0.9699894736842105,V
168,0.9389157894736843,V
169,0.4659631578947369,N
170,0.8734578947368421,K
171,0.9649736842105262,A
172,0.8653578947368421,A
173,0.5609842105263158,V
174,0.9500157894736843,M
175,0.9369631578947368,V
176,0.876636842105263,H
177,0.7200631578947368,Q
178,0.9846999999999999,L
179,0.9210947368421053,S
180,0.9423842105263158,K
181,0.9601947368421053,K
182,0.9462631578947368,E
183,0.9902473684210525,A
184,0.9275473684210527,S
185,0.9447736842105264,R
186,0.6618736842105263,H
187,0.9306315789473684,A
188,0.8701,I
189,0.8268315789473684,M
190,0.6472789473684211,R
191,0.8111578947368421,S
192,0.6709473684210526,P
193,0.41518421052631577,Q
194,0.9013263157894736,M
195,0.9238368421052632,V
196,0.5795157894736842,S
197,0.8602526315789474,A
198,0.8398578947368421,I
199,0.9367157894736842,V
200,0.836178947368421,R
201,0.7497368421052631,T
202,0.8953947368421052,M
203,0.5543473684210527,Q
204,0.44915789473684214,N
205,0.7668947368421053,T
206,0.3138,N
207,0.9503157894736842,D
208,0.4892526315789474,V
209,0.913321052631579,E
210,0.8248421052631579,T
211,0.6556315789473685,A
212,0.9365736842105262,R
213,0.7767421052631579,C
214,0.699921052631579,T
215,0.8397684210526316,A
216,0.9739684210526317,G
217,0.8047315789473684,T
218,0.9361,L
219,0.9811684210526316,H
220,0.8891894736842105,N
221,0.9076263157894737,L
222,0.9834526315789475,S
223,0.9091105263157895,H
224,0.8884368421052631,H
225,0.8795368421052631,R
226,0.8615947368421053,E
227,0.9993631578947368,G
228,0.9717368421052632,L
229,0.7925631578947369,L
230,0.7408263157894737,A
231,0.9521736842105263,I
232,0.9925315789473684,F
233,0.9268789473684211,K
234,0.817,S
235,0.9603631578947368,G
236,0.9968210526315788,G
237,0.9855210526315791,I
238,0.9536105263157895,P
239,0.8632157894736842,A
240,0.9786894736842107,L
241,0.9592736842105263,V
242,0.8630526315789474,K
243,0.9278684210526316,M
244,0.9863736842105263,L
245,0.8408210526315789,G
246,0.7727105263157895,S
247,0.5802421052631579,P
248,0.7594631578947368,V
249,0.9273736842105264,D
250,0.8028578947368421,S
251,0.9447947368421052,V
252,0.8312894736842105,L
253,0.9862578947368421,F
254,0.9794631578947368,Y
255,0.9072894736842104,A
256,0.9533789473684211,I
257,0.9972842105263158,T
258,0.9821684210526316,T
259,0.9645368421052631,L
260,0.9992631578947369,H
261,0.990821052631579,N
262,0.9840526315789473,L
263,0.9955842105263158,L
264,0.9923842105263158,L
265,0.9452684210526316,H
266,0.959678947368421,Q
267,0.936078947368421,E
268,0.9987,G
269,0.9537578947368421,A
270,0.979221052631579,K
271,0.9221631578947369,M
272,0.9735684210526316,A
273,0.9688894736842105,V
274,0.9982947368421053,R
275,0.9470157894736843,L
276,0.9363894736842105,A
277,0.967278947368421,G
278,0.9981421052631579,G
279,0.962121052631579,L
280,0.938078947368421,Q
281,0.9175315789473684,K
282,0.9840315789473685,M
283,0.9445315789473685,V
284,0.4733894736842106,A
285,0.9707105263157895,L
286,0.9857842105263158,L
287,0.3061105263157895,N
288,0.8424,K
289,0.3495736842105263,T
290,0.924457894736842,N
291,0.7984736842105263,V
292,0.9759473684210526,K
293,0.9940368421052632,F
294,0.9833684210526317,L
295,0.9870105263157894,A
296,0.983578947368421,I
297,0.8710263157894738,T
298,0.972657894736842,T
299,0.9998421052631579,D
300,0.9952263157894737,C
301,0.9887368421052632,L
302,0.9812315789473685,Q
303,0.9468,I
304,0.9940526315789474,L
305,0.9718263157894738,A
306,0.9608631578947368,Y
307,0.9913894736842106,G
308,0.9781315789473684,N
309,0.9507421052631578,Q
310,0.9992473684210527,E
311,0.9724999999999999,S
312,0.9954789473684211,K
313,0.9910263157894736,L
314,0.9808894736842105,I
315,0.9721684210526316,I
316,0.9885,L
317,0.9431368421052632,A
318,0.8385578947368422,S
319,0.7846736842105263,G
320,0.9988578947368422,G
321,0.9920894736842104,P
322,0.2690842105263158,Q
323,0.5639526315789474,A
324,0.9867526315789474,L
325,0.9575157894736843,V
326,0.3014842105263158,N
327,0.9660473684210527,I
328,0.9475105263157895,M
329,0.6988894736842105,R
330,0.3657105263157895,T
331,0.8375157894736842,Y
332,0.4081526315789474,T
333,0.9821947368421052,Y
334,0.9951157894736842,E
335,0.9926578947368422,K
336,0.9952157894736842,L
337,0.9820684210526317,L
338,0.9829789473684211,W
339,0.9905368421052632,T
340,0.9606947368421053,T
341,0.9156368421052633,S
342,0.9993842105263158,R
343,0.9694421052631579,V
344,0.9598894736842105,L
345,0.9913421052631579,K
346,0.9912263157894737,V
347,0.9901894736842106,L
348,0.9869421052631578,S
349,0.9917789473684211,V
350,0.9981842105263157,C
351,0.6847894736842105,S
352,0.8391157894736843,S
353,0.919778947368421,N
354,0.9959052631578947,K
355,0.9212105263157895,P
356,0.7849105263157895,A
357,0.9314,I
358,0.9554157894736841,V
359,0.7458157894736842,E
360,0.7562105263157894,A
361,0.9396789473684211,G
362,0.9946789473684211,G
363,0.9262578947368422,M
364,0.5827736842105263,Q
365,0.8879421052631579,A
366,0.9585947368421053,L
367,0.9220842105263158,G
368,0.3303105263157895,L
369,0.9278684210526316,H
370,0.9222315789473685,L
371,0.28697894736842106,T
372,0.7201263157894736,D
373,0.36422105263157895,P
374,0.9605105263157895,S
375,0.3981736842105263,Q
376,0.9952578947368421,R
377,0.9429526315789474,L
378,0.8210315789473684,V
379,0.6904789473684211,Q
380,0.9897263157894737,N
381,0.9403,C
382,0.9767263157894737,L
383,0.9890947368421052,W
384,0.9453999999999999,T
385,0.9432947368421052,L
386,0.9994368421052632,R
387,0.9994894736842106,N
388,0.9845105263157895,L
389,0.9925684210526315,S
390,0.9997263157894738,D
391,0.8215315789473684,A
392,0.9348684210526316,A
393,0.846857894736842,T
394,0.8998947368421052,K
395,0.48007368421052626,Q
396,0.7160157894736843,E
397,0.6434263157894736,G
398,0.7924,M
399,0.6936947368421053,E
400,0.33774736842105263,G
401,0.8829263157894737,L
402,0.8921684210526316,L
403,0.31872105263157896,G
404,0.3676,T
405,0.9302631578947369,L
406,0.8956631578947369,V
407,0.311478947368421,Q
408,0.7423052631578947,L
409,0.9654578947368421,L
410,0.542,G
411,0.6134315789473684,S
412,0.7053947368421053,D
413,0.9664578947368421,D
414,0.6797631578947368,I
415,0.7238526315789473,N
416,0.8183526315789473,V
417,0.9164157894736842,V
418,0.9505263157894737,T
419,0.9940368421052632,C
420,0.8505842105263158,A
421,0.8728263157894737,A
422,0.9994000000000001,G
423,0.9349947368421053,I
424,0.9227263157894737,L
425,0.9888947368421054,S
426,0.9995421052631578,N
427,0.9536263157894737,L
428,0.993063157894737,T
429,0.9991578947368422,C
430,0.9858368421052632,N
431,0.9320473684210526,N
432,0.34242105263157896,Y
433,0.5030894736842105,K
434,0.9750368421052632,N
435,0.9944263157894738,K
436,0.5016210526315789,M
437,0.4716631578947369,M
438,0.9270526315789475,V
439,0.8132368421052631,C
440,0.5074368421052631,Q
441,0.4037210526315789,V
442,0.7034842105263158,G
443,0.9937789473684212,G
444,0.8538,I
445,0.873442105263158,E
446,0.7124684210526315,A
447,0.9512473684210526,L
448,0.8879,V
449,0.5449473684210526,R
450,0.8091157894736842,T
451,0.8378157894736842,V
452,0.6132052631578947,L
453,0.6137736842105262,R
454,0.8970736842105262,A
455,0.7952,G
456,0.8418263157894736,D
457,0.8671263157894737,R
458,0.9334157894736842,E
459,0.9725894736842104,D
460,0.9501947368421052,I
461,0.7948105263157895,T
462,0.9962105263157895,E
463,0.9978631578947368,P
464,0.8364684210526316,A
465,0.8532842105263158,I
466,0.9982263157894737,C
467,0.9178526315789474,A
468,0.9516578947368423,L
469,0.9993,R
470,0.9992473684210527,H
471,0.9173578947368421,L
472,0.9883684210526316,T
473,0.879463157894737,S
474,0.9917315789473684,R
475,0.9874052631578948,H
476,0.2896263157894737,Q
477,0.7079210526315789,E
478,0.8635368421052632,A
479,0.8823578947368421,E
480,0.4616157894736842,M
481,0.9303157894736841,A
482,0.9423842105263158,Q
483,0.7862631578947369,N
484,0.6231,A
485,0.9179473684210526,V
486,0.9577210526315789,R
487,0.4284947368421052,L
488,0.5259578947368421,H
489,0.690221052631579,Y
490,0.986742105263158,G
491,0.8346052631578947,L
492,0.6709894736842105,P
493,0.6637210526315789,V
494,0.7614157894736843,V
495,0.8173315789473684,V
496,0.8364684210526316,K
497,0.8673368421052631,L
498,0.8914789473684209,L
499,0.46486842105263154,H
500,0.7383894736842106,P
501,0.888836842105263,P
502,0.7065368421052631,S
503,0.5466526315789474,H
504,0.9699947368421052,W
505,0.982178947368421,P
506,0.9099368421052633,L
507,0.8907631578947369,I
508,0.9871578947368421,K
509,0.9837842105263158,A
510,0.7047315789473685,T
511,0.8918315789473684,V
512,0.9986473684210526,G
513,0.9369157894736843,L
514,0.8421,I
515,0.9986,R
516,0.9988,N
517,0.8934947368421053,L
518,0.9208105263157895,A
519,0.9396157894736842,L
520,0.8600210526315789,C
521,0.4357842105263158,P
522,0.48563684210526314,A
523,0.9519789473684209,N
524,0.6238631578947369,H
525,0.41787368421052634,A
526,0.5137105263157895,P
527,0.8683842105263159,L
528,0.8858052631578948,R
529,0.8599210526315789,E
530,0.3317684210526316,Q
531,0.8078842105263158,G
532,0.7310842105263158,A
533,0.8547,I
534,0.6317947368421052,P
535,0.7501578947368421,R
536,0.8708684210526315,L
537,0.8253947368421053,V
538,0.5544789473684211,Q
539,0.9092842105263157,L
540,0.9255894736842106,L
541,0.6396157894736841,V
542,0.8484947368421053,R
543,0.921421052631579,A
544,0.8953421052631579,H
545,0.7092157894736842,Q
546,0.9748315789473684,D
547,0.6463157894736843,T
548,0.8013894736842105,Q
549,0.9218736842105263,R
550,0.7616421052631579,R
551,0.40240526315789477,T
552,0.5961789473684211,S
553,0.4976421052631579,M
554,0.6031157894736842,G
555,0.5005526315789474,G
556,0.33054736842105265,T
557,0.36380526315789474,Q
558,0.34963684210526313,Q
559,0.32109473684210527,Q
560,0.7326,F
561,0.6466736842105263,V
562,0.9148052631578947,E
563,0.9889105263157895,G
564,0.960957894736842,V
565,0.8869894736842104,R
566,0.9740526315789474,M
567,0.9577368421052631,E
568,0.9701421052631579,E
569,0.9358263157894736,I
570,0.9214105263157893,V
571,0.9967578947368422,E
572,0.9826210526315788,G
573,0.8048684210526316,C
574,0.8257631578947369,T
575,0.9954631578947369,G
576,0.8947947368421053,A
577,0.9247052631578948,L
578,0.9913157894736843,H
579,0.9554315789473685,I
580,0.8671263157894737,L
581,0.9210736842105263,A
582,0.9766842105263157,R
583,0.9457526315789474,D
584,0.39720526315789473,V
585,0.39880000000000004,H
586,0.8304526315789473,N
587,0.953478947368421,R
588,0.42634736842105264,I
589,0.6211473684210527,V
590,0.8771315789473685,I
591,0.7181947368421052,R
592,0.6129315789473684,G
593,0.7280157894736842,L
594,0.5257684210526316,N
595,0.709078947368421,T
596,0.8932631578947369,I
597,0.8420684210526316,P
598,0.8591210526315789,L
599,0.9757315789473685,F
600,0.9443684210526316,V
601,0.8920473684210526,Q
602,0.9487000000000001,L
603,0.9679684210526316,L
604,0.9504,Y
605,0.7444842105263157,S
606,0.48410000000000003,P
607,0.618578947368421,I
608,0.9555263157894738,E
609,0.9356631578947369,N
610,0.8917157894736841,I
611,0.9084105263157896,Q
612,0.996621052631579,R
613,0.9642894736842106,V
614,0.8931315789473684,A
615,0.8742526315789474,A
616,0.9985947368421053,G
617,0.8847473684210527,V
618,0.975857894736842,L
619,0.9933631578947368,C
620,0.997321052631579,E
621,0.8985263157894736,L
622,0.9292052631578948,A
623,0.5159263157894737,Q
624,0.9438684210526315,D
625,0.9157263157894737,K
626,0.7961631578947369,E
627,0.7799736842105263,A
628,0.9031894736842104,A
629,0.8340526315789474,E
630,0.4401315789473685,A
631,0.9136684210526316,I
632,0.9908526315789473,E
633,0.4405421052631579,A
634,0.9351578947368422,E
635,0.9856631578947368,G
636,0.9490473684210526,A
637,0.9125263157894737,T
638,0.8542315789473683,A
639,0.9593578947368421,P
640,0.9747157894736842,L
641,0.9733315789473685,T
642,0.9572526315789474,E
643,0.9661684210526316,L
644,0.9948947368421052,L
645,0.9771947368421053,H
646,0.9563105263157894,S
647,0.7656894736842105,R
648,0.9731263157894737,N
649,0.9885631578947368,E
650,0.9941789473684212,G
651,0.9471526315789474,V
652,0.9736947368421053,A
653,0.9864263157894737,T
654,0.9930157894736842,Y
655,0.9713315789473684,A
656,0.9953052631578948,A
657,0.9897526315789473,A
658,0.9346842105263158,V
659,0.9955842105263158,L
660,0.9733631578947368,F
661,0.9837684210526316,R
662,0.9676105263157894,M
663,0.9383473684210527,S
664,0.9648999999999999,E
665,0.9850421052631579,D
666,0.9862052631578947,K
667,0.9344947368421054,P
668,0.41233157894736844,Q
669,0.9738947368421054,D
670,0.9548052631578948,Y
671,0.9421684210526315,K
672,0.9522842105263157,K
673,0.9970210526315789,R
674,0.9725947368421052,L
675,0.980063157894737,S
676,0.8619368421052631,V
677,0.9991894736842105,E
678,0.9938894736842105,L
679,0.9530526315789474,T
680,0.810021052631579,S
681,0.9057684210526317,S
682,0.9513315789473683,L
683,0.958857894736842,F
684,0.9030105263157895,R
685,0.38094736842105265,T
686,0.8368631578947369,E
687,0.6273368421052631,P
688,0.3513263157894737,M
689,0.39681578947368423,A
690,0.9243526315789473,W
691,0.4400947368421053,N
692,0.7015473684210526,E
693,0.27923684210526317,T
694,0.25913157894736844,A
695,0.5803894736842106,D
696,0.36032105263157893,L
697,0.5081315789473685,G
698,0.323178947368421,L
699,0.6974105263157895,D
700,0.39830000000000004,I
701,0.3136736842105263,G
702,0.19992631578947367,A
703,0.23813157894736842,Q
704,0.2737894736842105,G
705,0.49792105263157893,E
706,0.2032842105263158,P
707,0.19729473684210527,L
708,0.25706842105263156,G
709,0.3581105263157895,Y
710,0.33718947368421054,R
711,0.2091684210526316,Q
712,0.4795052631578947,D
713,0.5041052631578947,D
714,0.1848263157894737,P
715,0.2764736842105263,S
716,0.27678947368421053,Y
717,0.4094263157894737,R
718,0.36544210526315785,S
719,0.47460526315789475,F
720,0.2311842105263158,H
721,0.3137473684210526,S
722,0.2923473684210527,G
723,0.2870473684210526,G
724,0.33156842105263157,Y
725,0.2609157894736842,G
726,0.23505263157894737,Q
727,0.6508736842105263,D
728,0.2258315789473684,A
729,0.23520526315789472,L
730,0.3183947368421053,G
731,0.36948947368421053,M
732,0.7907315789473683,D
733,0.3135,P
734,0.3974263157894737,M
735,0.4044473684210526,M
736,0.6261157894736842,E
737,0.23237368421052632,H
738,0.6218789473684211,E
739,0.2871368421052632,M
740,0.2730894736842105,G
741,0.21831578947368419,G
742,0.14880526315789475,H
743,0.1651578947368421,H
744,0.19302631578947368,P
745,0.25190526315789474,G
746,0.20782105263157893,A
747,0.4586157894736842,D
748,0.3296578947368421,Y
749,0.24483684210526313,P
750,0.23451052631578947,V
751,0.49371052631578943,D
752,0.2328157894736842,G
753,0.4340473684210526,L
754,0.4589263157894737,P
755,0.7274157894736842,D
756,0.4836315789473684,L
757,0.47534210526315784,G
758,0.20672631578947367,H
759,0.27826842105263155,A
760,0.29547368421052633,Q
761,0.6334894736842106,D
762,0.3197,L
763,0.3485315789473684,M
764,0.545257894736842,D
765,0.3305842105263158,G
766,0.3867210526315789,L
767,0.3451526315789474,P
768,0.2768263157894737,P
769,0.26377894736842106,G
770,0.6346315789473684,D
771,0.3592947368421053,S
772,0.34464736842105265,N
773,0.3823157894736842,Q
774,0.4677210526315789,L
775,0.6635526315789474,A
776,0.9330105263157895,W
777,0.9257578947368422,F
778,0.9968842105263157,D
779,0.9045368421052631,T
780,0.9964315789473686,D
781,0.9211473684210526,L
